{
    "accuracy": 0.6394727467046669,
    "precision": 0.637609841827768,
    "recall": 0.6462415390096188,
    "f1": 0.6418966737438075,
    "auc": 0.7044922682352087
}