{
    "accuracy": 0.6384039900249376,
    "precision": 0.6382070437566703,
    "recall": 0.6391164944780905,
    "f1": 0.6386614453542185,
    "auc": 0.7000145572249336
}