{
    "accuracy": 0.6460634128963306,
    "precision": 0.6452870304748405,
    "recall": 0.6487353045956538,
    "f1": 0.6470065731035708,
    "auc": 0.7059529404388667
}