{
    "accuracy": 0.6433915211970075,
    "precision": 0.6407834907310248,
    "recall": 0.6526540790879943,
    "f1": 0.6466643134486411,
    "auc": 0.7057841426257756
}