{
    "accuracy": 0.6439258995368721,
    "precision": 0.6443888491779842,
    "recall": 0.6423227645172782,
    "f1": 0.6433541480820696,
    "auc": 0.706138491117618
}