{
    "accuracy": 0.6289633060206626,
    "precision": 0.6332842415316642,
    "recall": 0.6127538297114357,
    "f1": 0.6228499004164404,
    "auc": 0.6777301999213377
}