{
    "accuracy": 0.6289633060206626,
    "precision": 0.6290092658588738,
    "recall": 0.6287851799073744,
    "f1": 0.6288972029217887,
    "auc": 0.6818071113122582
}