{
    "accuracy": 0.6467759173494835,
    "precision": 0.6460992907801418,
    "recall": 0.6490915568222302,
    "f1": 0.6475919673005154,
    "auc": 0.706172504511534
}